<?xml version="1.0" encoding="UTF-8"?>
<project-private xmlns="http://www.netbeans.org/ns/project-private/1">
    <editor-bookmarks xmlns="http://www.netbeans.org/ns/editor-bookmarks/2" lastBookmarkId="0"/>
    <open-files xmlns="http://www.netbeans.org/ns/projectui-open-files/2">
        <group>
            <file>file:/C:/Users/FCFM-3/Desktop/Laboratorio5.2/Laboratorio6/src/java/Laboratorio6/controllers/LogoutController.java</file>
            <file>file:/C:/Users/FCFM-3/Desktop/Laboratorio5.2/Laboratorio6/src/java/Laboratorio6/controllers/ProfileController.java</file>
            <file>file:/C:/Users/FCFM-3/Desktop/Laboratorio5.2/Laboratorio6/src/java/Laboratorio6/controllers/LoginController.java</file>
            <file>file:/C:/Users/FCFM-3/Desktop/Laboratorio5.2/Laboratorio6/web/profile.jsp</file>
            <file>file:/C:/Users/FCFM-3/Desktop/Laboratorio5.2/Laboratorio6/src/java/Laboratorio6/models/user.java</file>
            <file>file:/C:/Users/FCFM-3/Desktop/Laboratorio5.2/Laboratorio6/src/java/Laboratorio6/models/Authentication.java</file>
            <file>file:/C:/Users/FCFM-3/Desktop/Laboratorio5.2/Laboratorio6/web/error.jsp</file>
            <file>file:/C:/Users/FCFM-3/Desktop/Laboratorio5.2/Laboratorio6/web/WEB-INF/web.xml</file>
            <file>file:/C:/Users/FCFM-3/Desktop/Laboratorio5.2/Laboratorio6/web/login.jsp</file>
        </group>
    </open-files>
</project-private>
